Combination,CombinationType,Count,DangerousCount,DangerRate
Pains,Single,99,99,1.0
Lethargy,Single,83,83,1.0
Death,Single,76,76,1.0
Vomiting,Single,75,75,1.0
Fever + Diarrhea,Pair,52,52,1.0
Fever + Depression,Pair,50,50,1.0
Fever + Coughing,Pair,49,49,1.0
Lameness,Single,44,44,1.0
Diarrhea + Vomiting,Pair,38,38,1.0
Swelling,Single,38,38,1.0
Fever + Loss of appetite,Pair,35,35,1.0
Death + Pains,Pair,32,32,1.0
Fever + Lethargy,Pair,30,30,1.0
Wasting,Single,30,30,1.0
Blindness,Single,24,24,1.0
Coughing + Weight loss,Pair,24,24,1.0
Drooling,Single,24,24,1.0
Dyspnea,Single,24,24,1.0
Stumbling,Single,24,24,1.0
Fever + Anorexia,Pair,23,23,1.0
Fever + Pains,Pair,22,22,1.0
Listlessness,Single,22,22,1.0
Malpresentation,Single,22,22,1.0
Fetopelvic dispropotion,Single,21,21,1.0
Fetopelvic dispropotion + Death,Pair,21,21,1.0
Fetopelvic dispropotion + Death + Pains,Triplet,21,21,1.0
Fetopelvic dispropotion + Pains,Pair,21,21,1.0
Fetopelvic dispropotion + Uteria inertia,Pair,21,21,1.0
Fetopelvic dispropotion + Uteria inertia + Death,Triplet,21,21,1.0
Fetopelvic dispropotion + Uteria inertia + Pains,Triplet,21,21,1.0
Fever + Nasal discharge,Pair,21,21,1.0
Fever + Vomiting,Pair,21,21,1.0
Sudden death,Single,21,21,1.0
Uteria inertia,Single,21,21,1.0
Uteria inertia + Death,Pair,21,21,1.0
Uteria inertia + Death + Pains,Triplet,21,21,1.0
Uteria inertia + Pains,Pair,21,21,1.0
Vomiting + Weight loss,Pair,21,21,1.0
Malpresentation + Death,Pair,20,20,1.0
Stumbling + Drooling,Pair,20,20,1.0
Wasting + Drooling,Pair,20,20,1.0
Wasting + Listlessness,Pair,20,20,1.0
Wasting + Stumbling,Pair,20,20,1.0
Wasting + Stumbling + Drooling,Triplet,20,20,1.0
Loss of  appetite,Single,19,19,1.0
Dullness,Single,18,18,1.0
Fetopelvic dispropotion + Malpresentation,Pair,18,18,1.0
Fetopelvic dispropotion + Malpresentation + Death,Triplet,18,18,1.0
Fetopelvic dispropotion + Malpresentation + Pains,Triplet,18,18,1.0
Fetopelvic dispropotion + Uteria inertia + Malpresentation,Triplet,18,18,1.0
Fever + Diarrhea + Vomiting,Triplet,18,18,1.0
Listlessness + Drooling,Pair,18,18,1.0
Malpresentation + Death + Pains,Triplet,18,18,1.0
Malpresentation + Pains,Pair,18,18,1.0
Stumbling + Listlessness,Pair,18,18,1.0
Stumbling + Listlessness + Drooling,Triplet,18,18,1.0
Uteria inertia + Malpresentation,Pair,18,18,1.0
Uteria inertia + Malpresentation + Death,Triplet,18,18,1.0
Uteria inertia + Malpresentation + Pains,Triplet,18,18,1.0
Wasting + Listlessness + Drooling,Triplet,18,18,1.0
Wasting + Stumbling + Listlessness,Triplet,18,18,1.0
Coughing + Lethargy,Pair,17,17,1.0
Hair loss,Single,17,17,1.0
Coughing + Anorexia,Pair,16,16,1.0
Diarrhea + Coughing,Pair,16,16,1.0
Dyspnea + Coughing,Pair,16,16,1.0
Fever + Diarrhea + Weight loss,Triplet,16,16,1.0
Fever + Sneezing,Pair,15,15,1.0
Nausea,Single,15,15,1.0
Weight loss + Anorexia,Pair,15,15,1.0
Emaciation,Single,14,14,1.0
Fever + Death,Pair,14,14,1.0
Fever + Difficulty in breathing,Pair,14,14,1.0
Fever + Lameness,Pair,14,14,1.0
Fever + Loss of appetite + Depression,Triplet,14,14,1.0
Fever + Weakness,Pair,14,14,1.0
Jaundice,Single,14,14,1.0
Loss of appetite + Weakness,Pair,14,14,1.0
Vomiting + Dehydration,Pair,14,14,1.0
Poor appetite,Single,13,13,1.0
Seizures,Single,13,13,1.0
Staggering,Single,13,13,1.0
Chills,Single,12,12,1.0
Convulsion,Single,12,12,1.0
Coughing + Sneezing,Pair,12,12,1.0
Diarrhea + Death,Pair,12,12,1.0
Drooling + Urination problem,Pair,12,12,1.0
Dull ness,Single,12,12,1.0
Fever + Chills,Pair,12,12,1.0
Fever + Dehydration,Pair,12,12,1.0
Listlessness + Drooling + Urination problem,Triplet,12,12,1.0
Listlessness + Urination problem,Pair,12,12,1.0
Loss of appetite + Pains,Pair,12,12,1.0
Stumbling + Drooling + Urination problem,Triplet,12,12,1.0
Stumbling + Listlessness + Urination problem,Triplet,12,12,1.0
Stumbling + Urination problem,Pair,12,12,1.0
Swollen,Single,12,12,1.0
Trembling,Single,12,12,1.0
Urination problem,Single,12,12,1.0
Wasting + Drooling + Urination problem,Triplet,12,12,1.0
Wasting + Listlessness + Urination problem,Triplet,12,12,1.0
Wasting + Stumbling + Urination problem,Triplet,12,12,1.0
Wasting + Urination problem,Pair,12,12,1.0
Abortion,Single,11,11,1.0
Fever + Coughing + Lethargy,Triplet,11,11,1.0
Respiratory distress,Single,11,11,1.0
Depression + Anorexia,Pair,10,10,1.0
Diarrhea + Vomiting + Dehydration,Triplet,10,10,1.0
Diarrhea + Vomiting + Weight loss,Triplet,10,10,1.0
Difficulty in breathing + Coughing,Pair,10,10,1.0
Drooping ears,Single,10,10,1.0
Dyspnea + Anorexia,Pair,10,10,1.0
Fatique,Single,10,10,1.0
Fever + Coughing + Anorexia,Triplet,10,10,1.0
Fever + Coughing + Sneezing,Triplet,10,10,1.0
Fever + Dullness,Pair,10,10,1.0
Fever + Dyspnea,Pair,10,10,1.0
Lameness + Weight loss,Pair,10,10,1.0
Loss of appetite + Lameness,Pair,10,10,1.0
Pneumonia,Single,10,10,1.0
Tiredness,Single,10,10,1.0
Ataxia,Single,9,9,1.0
Change their normal behaviour,Single,9,9,1.0
Coughing + Depression,Pair,9,9,1.0
Depression + Pains,Pair,9,9,1.0
Diarrhea + Lethargy,Pair,9,9,1.0
Difficulty breathing,Single,9,9,1.0
Fever + Difficulty breathing,Pair,9,9,1.0
Fever + Respiratory distress,Pair,9,9,1.0
Fever + Swelling,Pair,9,9,1.0
Loss of appetite + Death,Pair,9,9,1.0
Swelling + Lameness,Pair,9,9,1.0
Swelling + Weight loss,Pair,9,9,1.0
Vomiting + Anorexia,Pair,9,9,1.0
Bloody discharge,Single,8,8,1.0
Colic,Single,8,8,1.0
Congestion,Single,8,8,1.0
Cough,Single,8,8,1.0
Diarrhea + Coughing + Weight loss,Triplet,8,8,1.0
Diarrhea + Nausea,Pair,8,8,1.0
Diarrhea + Vomiting + Pain,Triplet,8,8,1.0
Difficulty breating,Single,8,8,1.0
Drooling + Drooping ears,Pair,8,8,1.0
Dyspnea + Coughing + Anorexia,Triplet,8,8,1.0
Facial edema,Single,8,8,1.0
Fever + Diarrhea + Coughing,Triplet,8,8,1.0
Fever + Lameness in affected leg,Pair,8,8,1.0
Fever + Lameness in affected leg + Depression,Triplet,8,8,1.0
Fever + Loss of appetite + Lameness in affected leg,Triplet,8,8,1.0
Fever + Loss of appetite + Weight loss,Triplet,8,8,1.0
Fever + Tiredness,Pair,8,8,1.0
High temperature,Single,8,8,1.0
High temperature + Trembling,Pair,8,8,1.0
Lameness in affected leg,Single,8,8,1.0
Lameness in affected leg + Depression,Pair,8,8,1.0
Lethargy + Anorexia,Pair,8,8,1.0
Lethargy + Nasal discharge,Pair,8,8,1.0
Lethargy + Weight loss,Pair,8,8,1.0
Loss of appetite + Lameness in affected leg,Pair,8,8,1.0
Loss of appetite + Lameness in affected leg + Depression,Triplet,8,8,1.0
Loss of appetite + Nasal discharge,Pair,8,8,1.0
Lying down,Single,8,8,1.0
Rapid pulse and heart rates,Single,8,8,1.0
Rapid pulse and heart rates + Depression,Pair,8,8,1.0
Seizuers,Single,8,8,1.0
Stumbling + Drooling + Drooping ears,Triplet,8,8,1.0
Stumbling + Drooping ears,Pair,8,8,1.0
Sudden death + High temperature,Pair,8,8,1.0
Sudden death + High temperature + Trembling,Triplet,8,8,1.0
Sudden death + Trembling,Pair,8,8,1.0
Swelling + Pain,Pair,8,8,1.0
Vomiting + Pain,Pair,8,8,1.0
Wasting + Drooling + Drooping ears,Triplet,8,8,1.0
Wasting + Drooping ears,Pair,8,8,1.0
Wasting + Stumbling + Drooping ears,Triplet,8,8,1.0
Wheezing,Single,8,8,1.0
Abdominal pain,Single,7,7,1.0
Bloody,Single,7,7,1.0
Change their normal behaviour + Pains,Pair,7,7,1.0
Fever + Loss of appetite + Pains,Triplet,7,7,1.0
Fever + Poor appetite,Pair,7,7,1.0
Fever + Weight loss + Anorexia,Triplet,7,7,1.0
Head ache,Single,7,7,1.0
Limping,Single,7,7,1.0
Loss of appettite,Single,7,7,1.0
Neurologic abnormalities,Single,7,7,1.0
Painfull,Single,7,7,1.0
Painfull + Nasal discharge,Pair,7,7,1.0
Stiffness,Single,7,7,1.0
Stop drinking,Single,7,7,1.0
Stop drinking + Change their normal behaviour,Pair,7,7,1.0
Stop drinking + Change their normal behaviour + Pains,Triplet,7,7,1.0
Stop drinking + Pains,Pair,7,7,1.0
Stop eating,Single,7,7,1.0
Stop eating + Change their normal behaviour,Pair,7,7,1.0
Stop eating + Change their normal behaviour + Pains,Triplet,7,7,1.0
Stop eating + Pains,Pair,7,7,1.0
Stop eating + Stop drinking,Pair,7,7,1.0
Stop eating + Stop drinking + Change their normal behaviour,Triplet,7,7,1.0
Stop eating + Stop drinking + Pains,Triplet,7,7,1.0
Swelling + Death,Pair,7,7,1.0
Vomiting + Lethargy,Pair,7,7,1.0
Weight loss + Pains,Pair,7,7,1.0
Blindness + Pains,Pair,6,6,1.0
Bottle jaw,Single,6,6,1.0
Chest pain,Single,6,6,1.0
Circling,Single,6,6,1.0
Constipation,Single,6,6,1.0
Depression + Loss of appetite,Pair,6,6,1.0
Depression + Weakness,Pair,6,6,1.0
Diarrhea + Anemia,Pair,6,6,1.0
Diarrhea + Weight loss + Dehydration,Triplet,6,6,1.0
Difficulty breating + Trembling,Pair,6,6,1.0
Difficulty in breathing + Lethargy,Pair,6,6,1.0
Difficulty swallowing,Single,6,6,1.0
Discharge,Single,6,6,1.0
Discomfort,Single,6,6,1.0
Droopy wings,Single,6,6,1.0
Dullness + Pains,Pair,6,6,1.0
Dyspnea + Coughing + Lethargy,Triplet,6,6,1.0
Dyspnea + Difficulty in breathing,Pair,6,6,1.0
Dyspnea + Lethargy,Pair,6,6,1.0
Emaciation + Diarrhea,Pair,6,6,1.0
Emaciation + Weakness,Pair,6,6,1.0
Extending its neck,Single,6,6,1.0
Eye redness,Single,6,6,1.0
Fatigue,Single,6,6,1.0
Fever + Chest pain,Pair,6,6,1.0
Fever + Congestion,Pair,6,6,1.0
Fever + Depression + Loss of appetite,Triplet,6,6,1.0
Fever + Depression + Weight loss,Triplet,6,6,1.0
Fever + Diarrhea + Dehydration,Triplet,6,6,1.0
Fever + Diarrhea + Pain,Triplet,6,6,1.0
Fever + Difficulty in breathing + Coughing,Triplet,6,6,1.0
Fever + Dullness + Pains,Triplet,6,6,1.0
Fever + Dyspnea + Anorexia,Triplet,6,6,1.0
Fever + Dyspnea + Coughing,Triplet,6,6,1.0
Fever + Fatique,Pair,6,6,1.0
Fever + Lethargy + Pain,Triplet,6,6,1.0
Fever + Loss of  appetite,Pair,6,6,1.0
Fever + Loss of appetite + Rapid pulse and heart rates,Triplet,6,6,1.0
Fever + Muscle aches,Pair,6,6,1.0
Fever + Rapid pulse and heart rates,Pair,6,6,1.0
Fever + Rapid pulse and heart rates + Depression,Triplet,6,6,1.0
Fever + Rapid pulse and heart rates + Lameness in affected leg,Triplet,6,6,1.0
Fever + Rhinorrhea,Pair,6,6,1.0
Fever + Rhinorrhea + Coughing,Triplet,6,6,1.0
Fever + Salivation,Pair,6,6,1.0
Fever + Vomiting + Dehydration,Triplet,6,6,1.0
Fever + Wasting,Pair,6,6,1.0
Gasping for air,Single,6,6,1.0
Gasping for air + Gasping for breath,Pair,6,6,1.0
Gasping for breath,Single,6,6,1.0
Headache,Single,6,6,1.0
High temperature + Difficulty breating,Pair,6,6,1.0
High temperature + Difficulty breating + Trembling,Triplet,6,6,1.0
Lack of coordination,Single,6,6,1.0
Lathargy,Single,6,6,1.0
Lesions in the nasal cavity + Lesions on nose,Pair,6,6,1.0
Lesions on nose,Single,6,6,1.0
Lethargy + Pain,Pair,6,6,1.0
Listlessness + Drooling + Drooping ears,Triplet,6,6,1.0
Listlessness + Drooping ears,Pair,6,6,1.0
Loss of  appetite + Weight loss,Pair,6,6,1.0
Loss of appetite + Coughing,Pair,6,6,1.0
Loss of appetite + Lethargy,Pair,6,6,1.0
Loss of appetite + Rapid pulse and heart rates,Pair,6,6,1.0
Loss of appetite + Rapid pulse and heart rates + Depression,Triplet,6,6,1.0
Loss of appetite + Rapid pulse and heart rates + Lameness in affected leg,Triplet,6,6,1.0
Loss of appetite + Ruffled feathers,Pair,6,6,1.0
Loss of appetite + Vomiting,Pair,6,6,1.0
Mortality,Single,6,6,1.0
Muscle aches,Single,6,6,1.0
Muscle pain,Single,6,6,1.0
Rapid pulse and heart rates + Lameness in affected leg,Pair,6,6,1.0
Rapid pulse and heart rates + Lameness in affected leg + Depression,Triplet,6,6,1.0
Recumbency,Single,6,6,1.0
Reduce growth,Single,6,6,1.0
Restlessness,Single,6,6,1.0
Rhinorrhea,Single,6,6,1.0
Rhinorrhea + Coughing,Pair,6,6,1.0
Ruffled feathers + Diarrhea,Pair,6,6,1.0
Salivation,Single,6,6,1.0
Scabs,Single,6,6,1.0
Stumbling + Listlessness + Drooping ears,Triplet,6,6,1.0
Sudden death + Difficulty breating,Pair,6,6,1.0
Sudden death + Difficulty breating + Trembling,Triplet,6,6,1.0
Sudden death + High temperature + Difficulty breating,Triplet,6,6,1.0
Swelling + Nasal discharge,Pair,6,6,1.0
Swelling + Pains,Pair,6,6,1.0
Swollen abdomen,Single,6,6,1.0
Tenderness,Single,6,6,1.0
Upset stomach,Single,6,6,1.0
Vomitting,Single,6,6,1.0
Wasting + Listlessness + Drooping ears,Triplet,6,6,1.0
Weight loss + Death,Pair,6,6,1.0
Weight loss + Dehydration,Pair,6,6,1.0
Weight loss + Nasal discharge,Pair,6,6,1.0
Bloody diarrhea,Single,5,5,1.0
Coughing + Pains,Pair,5,5,1.0
Enlarged lymph nodes,Single,5,5,1.0
Fever + Abortion,Pair,5,5,1.0
Fever + Depression + Pains,Triplet,5,5,1.0
Fever + Diarrhea + Lethargy,Triplet,5,5,1.0
Fever + Joint pain,Pair,5,5,1.0
Fever + Seizures,Pair,5,5,1.0
Fever + Staggering,Pair,5,5,1.0
Fever + Sudden death,Pair,5,5,1.0
Fever + Swelling + Weight loss,Triplet,5,5,1.0
Heat,Single,5,5,1.0
Joint pain,Single,5,5,1.0
Lameness + Pains,Pair,5,5,1.0
Lession on the skin,Single,5,5,1.0
Lethargy + Sneezing,Pair,5,5,1.0
Loss of  appetite + Coughing,Pair,5,5,1.0
Loss of  appetite + Lameness,Pair,5,5,1.0
Noisy breathing,Single,5,5,1.0
Runny nose,Single,5,5,1.0
Runny nose + Loss of appettite,Pair,5,5,1.0
Skin issue,Single,5,5,1.0
Swelling of face or leg,Single,5,5,1.0
Swelling on leg,Single,5,5,1.0
Swelling on leg + Nasal discharge,Pair,5,5,1.0
Swelling on leg + Painfull + Nasal discharge,Triplet,5,5,1.0
Swollen lymph nodes,Single,5,5,1.0
Ulcers,Single,5,5,1.0
Vomiting + Nausea,Pair,5,5,1.0
Abdominal discomfort,Single,4,4,1.0
Abdonormal pain,Single,4,4,1.0
Anaemia,Single,4,4,1.0
Aneamia,Single,4,4,1.0
Anorexia + Weight loss,Pair,4,4,1.0
Bad smell,Single,4,4,1.0
Behaviour change,Single,4,4,1.0
Blood from mouth,Single,4,4,1.0
Change their normal behaviour + Lameness,Pair,4,4,1.0
Changed gait,Single,4,4,1.0
Changed gait + Dull ness,Pair,4,4,1.0
Chills + Chest pain,Pair,4,4,1.0
Chills + Retarded growth + Chest pain,Triplet,4,4,1.0
Circling + Blindness,Pair,4,4,1.0
Convulsion + Weight loss,Pair,4,4,1.0
Cough + Droopy wings,Pair,4,4,1.0
Cough + Extending its neck,Pair,4,4,1.0
Cough + Gasping for air,Pair,4,4,1.0
Cough + Gasping for air + Extending its neck,Triplet,4,4,1.0
Cough + Sneeze + Droopy wings,Triplet,4,4,1.0
Coughing + Anemia,Pair,4,4,1.0
Coughing + Death,Pair,4,4,1.0
Coughing + Depression + Anorexia,Triplet,4,4,1.0
Coughing + Dyspnea,Pair,4,4,1.0
Coughing + Fatique,Pair,4,4,1.0
Coughing + Joint pain,Pair,4,4,1.0
Coughing + Lethargy + Nasal discharge,Triplet,4,4,1.0
Coughing + Pain,Pair,4,4,1.0
Coughing + Seizures,Pair,4,4,1.0
Coughing + Vomiting,Pair,4,4,1.0
Coughing + Weakness,Pair,4,4,1.0
Coughing + Weight loss + Nasal discharge,Triplet,4,4,1.0
Crusty,Single,4,4,1.0
Death + Coughing,Pair,4,4,1.0
Death + Pain,Pair,4,4,1.0
Death + Weakness,Pair,4,4,1.0
Death + Weight loss,Pair,4,4,1.0
Decrease appetite,Single,4,4,1.0
Dehydration + Pains,Pair,4,4,1.0
Dehydration + Weight loss,Pair,4,4,1.0
Depression + Colic,Pair,4,4,1.0
Depression + Death,Pair,4,4,1.0
Depression + Loss of appetite + Pains,Triplet,4,4,1.0
Depression + Salivation,Pair,4,4,1.0
Depression + Weight loss + Anorexia,Triplet,4,4,1.0
Diarrhea + Abdominal discomfort,Pair,4,4,1.0
Diarrhea + Colic,Pair,4,4,1.0
Diarrhea + Coughing + Lethargy,Triplet,4,4,1.0
Diarrhea + Dehydration + Weight loss,Triplet,4,4,1.0
Diarrhea + Depression,Pair,4,4,1.0
Diarrhea + Lameness,Pair,4,4,1.0
Diarrhea + Loss of appetite,Pair,4,4,1.0
Diarrhea + Muscle pain,Pair,4,4,1.0
Diarrhea + Poor appetite,Pair,4,4,1.0
Diarrhea + Pot belly,Pair,4,4,1.0
Diarrhea + Shock,Pair,4,4,1.0
Diarrhea + Vomiting + Anorexia,Triplet,4,4,1.0
Diarrhea + Vomiting + Nausea,Triplet,4,4,1.0
Diarrhea + Weight loss + Anemia,Triplet,4,4,1.0
Diarrhea + Weight loss + Death,Triplet,4,4,1.0
Difficulty breathing + Coughing,Pair,4,4,1.0
Difficulty in breathing + Anorexia,Pair,4,4,1.0
Difficulty in breathing + Coughing + Sneezing,Triplet,4,4,1.0
Difficulty in breathing + Neurologic abnormalities,Pair,4,4,1.0
Difficulty in breathing + Sneezing,Pair,4,4,1.0
Difficulty in breathing + Weakness,Pair,4,4,1.0
Difficulty in swallowing,Single,4,4,1.0
Difficulty swallowing + Extending its neck,Pair,4,4,1.0
Difficulty swallowing + Gasping for air,Pair,4,4,1.0
Difficulty swallowing + Gasping for air + Extending its neck,Triplet,4,4,1.0
Discharge from eye,Single,4,4,1.0
Discomfort + Pains,Pair,4,4,1.0
Distended stomach,Single,4,4,1.0
Dizziness and fainting,Single,4,4,1.0
Droopy wings + Twisted neck,Pair,4,4,1.0
Dull ness + Inappetence,Pair,4,4,1.0
Dull ness + Muscles problem,Pair,4,4,1.0
Dull ness + Recumbency,Pair,4,4,1.0
Dull ness + Self-isolation,Pair,4,4,1.0
Dull ness + Self-isolation + Recumbency,Triplet,4,4,1.0
Dullness + Skin rashes,Pair,4,4,1.0
Dullness + Skin rashes + Pains,Triplet,4,4,1.0
Dyspnea + Coughing + Depression,Triplet,4,4,1.0
Dyspnea + Coughing + Difficulty in breathing,Triplet,4,4,1.0
Dyspnea + Depression,Pair,4,4,1.0
Dyspnea + Depression + Anorexia,Triplet,4,4,1.0
Dyspnea + Pain,Pair,4,4,1.0
Dyspnea + Sneezing,Pair,4,4,1.0
Dyspnea + Sneezing + Coughing,Triplet,4,4,1.0
Dyspnea + Sneezing + Difficulty in breathing,Triplet,4,4,1.0
Dyspnea + Weakness,Pair,4,4,1.0
Edema in lower jaw,Single,4,4,1.0
Edema in lower jaw + Anemia,Pair,4,4,1.0
Emaciation + Anemia,Pair,4,4,1.0
Emaciation + Coughing,Pair,4,4,1.0
Enteritis,Single,4,4,1.0
Enteritis + Weight loss,Pair,4,4,1.0
Exhaustion,Single,4,4,1.0
Experiencing changes in weight,Single,4,4,1.0
Experiencing changes in weight + Pain and bloating,Pair,4,4,1.0
Extending its neck + Gasping for air + Gasping for breath,Triplet,4,4,1.0
Extending its neck + Gasping for breath,Pair,4,4,1.0
Eye closed,Single,4,4,1.0
Eye disharge,Single,4,4,1.0
Eye redness + Frequent eye infections,Pair,4,4,1.0
Facial edema + Dyspnea,Pair,4,4,1.0
Facial paralysis,Single,4,4,1.0
Fever + Ataxia,Pair,4,4,1.0
Fever + Blindness,Pair,4,4,1.0
Fever + Chills + Chest pain,Triplet,4,4,1.0
Fever + Colic,Pair,4,4,1.0
Fever + Convulsion,Pair,4,4,1.0
Fever + Coughing + Dyspnea,Triplet,4,4,1.0
Fever + Coughing + Joint pain,Triplet,4,4,1.0
Fever + Coughing + Nasal discharge,Triplet,4,4,1.0
Fever + Coughing + Weight loss,Triplet,4,4,1.0
Fever + Death + Coughing,Triplet,4,4,1.0
Fever + Depression + Anorexia,Triplet,4,4,1.0
Fever + Depression + Nasal discharge,Triplet,4,4,1.0
Fever + Depression + Salivation,Triplet,4,4,1.0
Fever + Diarrhea + Death,Triplet,4,4,1.0
Fever + Difficulty breathing + Coughing,Triplet,4,4,1.0
Fever + Difficulty in breathing + Sneezing,Triplet,4,4,1.0
Fever + Dullness + Skin rashes,Triplet,4,4,1.0
Fever + Dyspnea + Lethargy,Triplet,4,4,1.0
Fever + Headache,Pair,4,4,1.0
Fever + Headache + Pain,Triplet,4,4,1.0
Fever + Hemolytic anemia,Pair,4,4,1.0
Fever + Hemolytic anemia + Jaundice,Triplet,4,4,1.0
Fever + Incoordination,Pair,4,4,1.0
Fever + Jaundice,Pair,4,4,1.0
Fever + Lack of coordination,Pair,4,4,1.0
Fever + Lack of coordination + Depression,Triplet,4,4,1.0
Fever + Lameness + Weight loss,Triplet,4,4,1.0
Fever + Los of the ability to walk,Pair,4,4,1.0
Fever + Loss of appetite + Stumbling,Triplet,4,4,1.0
Fever + Loss of appetite + Weakness,Triplet,4,4,1.0
Fever + Nausea,Pair,4,4,1.0
Fever + Pneumonia,Pair,4,4,1.0
Fever + Reduce growth,Pair,4,4,1.0
Fever + Retarded growth + Chest pain,Triplet,4,4,1.0
Fever + Rhinorrhea + Sneezing,Triplet,4,4,1.0
Fever + Stumbling,Pair,4,4,1.0
Fever + Succumb,Pair,4,4,1.0
Fever + Succumb + Anorexia,Triplet,4,4,1.0
Fever + Swelling + Pain,Triplet,4,4,1.0
Fever + Tiredness + Muscle aches,Triplet,4,4,1.0
Fever + Vomitting,Pair,4,4,1.0
Fever + Weakened legs,Pair,4,4,1.0
Fever + Weakened legs + Los of the ability to walk,Triplet,4,4,1.0
Fever + Weakness + Anorexia,Triplet,4,4,1.0
Fever + Weakness + Weight loss,Triplet,4,4,1.0
Fever + Weight loss + Vomitting,Triplet,4,4,1.0
Foul smelling,Single,4,4,1.0
Frequent eye infections,Single,4,4,1.0
Gasping for air + Extending its neck,Pair,4,4,1.0
Halitosis,Single,4,4,1.0
Halitosis + Coughing,Pair,4,4,1.0
Head tilt,Single,4,4,1.0
Head tilt + Lathargy,Pair,4,4,1.0
Head tilt + Lathargy + Inability to rise,Triplet,4,4,1.0
Head tilt + Lathargy + Urine dribbling,Triplet,4,4,1.0
Headache + Pain,Pair,4,4,1.0
Heat + Pain,Pair,4,4,1.0
Hemoglobinuria,Single,4,4,1.0
Hemolytic anemia,Single,4,4,1.0
Hemolytic anemia + Jaundice,Pair,4,4,1.0
Immediate death,Single,4,4,1.0
Inability to stand,Single,4,4,1.0
Inappentence,Single,4,4,1.0
Inappetence,Single,4,4,1.0
Incoordination,Single,4,4,1.0
Infection,Single,4,4,1.0
Itchiness,Single,4,4,1.0
Jaundice + Lethargy,Pair,4,4,1.0
Kid moratality,Single,4,4,1.0
Kid moratality + Weakness,Pair,4,4,1.0
Lack of coordination + Depression,Pair,4,4,1.0
Lameness + Death,Pair,4,4,1.0
Lathargy + Inability to rise,Pair,4,4,1.0
Lathargy + Urine dribbling,Pair,4,4,1.0
Lathargy + Urine dribbling + Inability to rise,Triplet,4,4,1.0
Lethargy + Dehydration,Pair,4,4,1.0
Lethargy + Diarrhea,Pair,4,4,1.0
Lethargy + Weakness,Pair,4,4,1.0
Lllthrift,Single,4,4,1.0
Los of the ability to walk,Single,4,4,1.0
Loss of  appetite + Vomiting,Pair,4,4,1.0
Loss of  appetite + Vomiting + Weight loss,Triplet,4,4,1.0
Loss of appetite + Experiencing changes in weight,Pair,4,4,1.0
Loss of appetite + Experiencing changes in weight + Pain and bloating,Triplet,4,4,1.0
Loss of appetite + Pain and bloating,Pair,4,4,1.0
Loss of appetite + Ruffled feathers + Diarrhea,Triplet,4,4,1.0
Loss of appetite + Stumbling,Pair,4,4,1.0
Loss of eat,Single,4,4,1.0
Mild weakness,Single,4,4,1.0
Muscles problem,Single,4,4,1.0
Muscular spasms,Single,4,4,1.0
Nasal discharge + Pain,Pair,4,4,1.0
Nasal discharge + Sneezing,Pair,4,4,1.0
Nausea + Loss of appetite,Pair,4,4,1.0
Nausea + Vomiting,Pair,4,4,1.0
Normal appetite,Single,4,4,1.0
Pain and bloating,Single,4,4,1.0
Paralysis,Single,4,4,1.0
Paresis,Single,4,4,1.0
Pneumonia + Pain,Pair,4,4,1.0
Poor appetite + Weight loss,Pair,4,4,1.0
Pot belly,Single,4,4,1.0
Red skin,Single,4,4,1.0
Redness,Single,4,4,1.0
Retarded growth + Chest pain,Pair,4,4,1.0
Rhinorrhea + Coughing + Sneezing,Triplet,4,4,1.0
Rhinorrhea + Sneezing,Pair,4,4,1.0
Scartch,Single,4,4,1.0
Self-isolation,Single,4,4,1.0
Self-isolation + Recumbency,Pair,4,4,1.0
Shaking oh head,Single,4,4,1.0
Shock,Single,4,4,1.0
Sickness,Single,4,4,1.0
Sickness + Weight loss,Pair,4,4,1.0
Skin infection,Single,4,4,1.0
Skin rashes + Pains,Pair,4,4,1.0
Sneeze + Droopy wings,Pair,4,4,1.0
Sneezing + Lethargy,Pair,4,4,1.0
Sneezing + Pain,Pair,4,4,1.0
Sneezing + Weight loss,Pair,4,4,1.0
Spines + Unusally thin + Weakness,Triplet,4,4,1.0
Spines + Weakness,Pair,4,4,1.0
Stillbirth,Single,4,4,1.0
Stomach cramps,Single,4,4,1.0
Straining,Single,4,4,1.0
Straining + Diarrhea,Pair,4,4,1.0
Succumb,Single,4,4,1.0
Succumb + Anorexia,Pair,4,4,1.0
Sudden death + Depression,Pair,4,4,1.0
Sudden death + Weight loss,Pair,4,4,1.0
Sweating,Single,4,4,1.0
Swelling + Anorexia,Pair,4,4,1.0
Swelling + Loss of appetite,Pair,4,4,1.0
Thirst,Single,4,4,1.0
Tiredness + Muscle aches,Pair,4,4,1.0
Torticollis,Single,4,4,1.0
Tremor,Single,4,4,1.0
Twisted neck,Single,4,4,1.0
Twitching,Single,4,4,1.0
Ulcer,Single,4,4,1.0
Ulcer + Pains,Pair,4,4,1.0
Underdeveloped muscles,Single,4,4,1.0
Unusally thin + Weakness,Pair,4,4,1.0
Upset stomach + Diarrhea,Pair,4,4,1.0
Upset stomach + Weight loss,Pair,4,4,1.0
Urination,Single,4,4,1.0
Vomiting + Experiencing changes in weight,Pair,4,4,1.0
Vomiting + Experiencing changes in weight + Pain and bloating,Triplet,4,4,1.0
Vomiting + Lethargy + Dehydration,Triplet,4,4,1.0
Vomiting + Loss of appetite,Pair,4,4,1.0
Vomiting + Loss of appetite + Experiencing changes in weight,Triplet,4,4,1.0
Vomiting + Loss of appetite + Pain and bloating,Triplet,4,4,1.0
Vomiting + Pain and bloating,Pair,4,4,1.0
Vomiting + Weight loss + Dehydration,Triplet,4,4,1.0
Vomiting + Weight loss + Pain,Triplet,4,4,1.0
Watery eyes,Single,4,4,1.0
Weakened legs,Single,4,4,1.0
Weakened legs + Los of the ability to walk,Pair,4,4,1.0
Weakness + Anemia,Pair,4,4,1.0
Weakness + Pain,Pair,4,4,1.0
Weakness + Stiffness,Pair,4,4,1.0
Weakness + Weight loss,Pair,4,4,1.0
Weight loss + Abdonormal pain,Pair,4,4,1.0
Weight loss + Dull ness,Pair,4,4,1.0
Weight loss + Dull ness + Recumbency,Triplet,4,4,1.0
Weight loss + Dull ness + Self-isolation,Triplet,4,4,1.0
Weight loss + Lameness,Pair,4,4,1.0
Weight loss + Recumbency,Pair,4,4,1.0
Weight loss + Self-isolation,Pair,4,4,1.0
Weight loss + Self-isolation + Recumbency,Triplet,4,4,1.0
Weight loss + Vomitting,Pair,4,4,1.0
Wool loss,Single,4,4,1.0
Abortion + Weight loss,Pair,3,3,1.0
Back pain,Single,3,3,1.0
Bloody + Anemia,Pair,3,3,1.0
Bloody drool,Single,3,3,1.0
Bloody drool + Lossened teeth,Pair,3,3,1.0
Bloody drool + Unable to eat,Pair,3,3,1.0
Bloody drool + Unable to eat + Lossened teeth,Triplet,3,3,1.0
Blue eye,Single,3,3,1.0
Broken bones,Single,3,3,1.0
Broken bones + Nasal discharge,Pair,3,3,1.0
Chronic eye inflamation,Single,3,3,1.0
Chronic eye inflamation + Lethargy,Pair,3,3,1.0
Chronic eye inflamation + Lethargy + Neurologic abnormalities,Triplet,3,3,1.0
Chronic eye inflamation + Neurologic abnormalities,Pair,3,3,1.0
Crusting of the skin,Single,3,3,1.0
Crusting of the skin + Ulcerated skin,Pair,3,3,1.0
Dandruff,Single,3,3,1.0
Dandruff + Crusting of the skin,Pair,3,3,1.0
Dandruff + Crusting of the skin + Ulcerated skin,Triplet,3,3,1.0
Dandruff + Ulcerated skin,Pair,3,3,1.0
Darkened skin,Single,3,3,1.0
Depression + Limping,Pair,3,3,1.0
Diarrhea + Blue eye,Pair,3,3,1.0
Diarrhea + Enlarged lymph nodes,Pair,3,3,1.0
Diarrhea + Lethargy + Blue eye,Triplet,3,3,1.0
Diarrhea + Pains,Pair,3,3,1.0
Diarrhea + Severe weekness and depression,Pair,3,3,1.0
Diarrhea + Sneezing,Pair,3,3,1.0
Diarrhea + Stiffness,Pair,3,3,1.0
Diarrhea + Stiffness + Severe weekness and depression,Triplet,3,3,1.0
Diarrhea + Tarry stool,Pair,3,3,1.0
Diarrhea + Tarry stool + Enlarged lymph nodes,Triplet,3,3,1.0
Diarrhea with muscus,Single,3,3,1.0
Diarrhea with muscus + Flatulence,Pair,3,3,1.0
Diarrhea with muscus + Flatulence + Pains,Triplet,3,3,1.0
Diarrhea with muscus + Pains,Pair,3,3,1.0
Diarrhea with muscus + Tensemus,Pair,3,3,1.0
Diarrhea with muscus + Tensemus + Flatulence,Triplet,3,3,1.0
Diarrhea with muscus + Tensemus + Pains,Triplet,3,3,1.0
Difficulty breathing + Enlarged lymph nodes or swelling,Pair,3,3,1.0
Difficulty breathing + Eye and skin change,Pair,3,3,1.0
Difficulty breathing + Eye and skin change + Unable to exercise,Triplet,3,3,1.0
Difficulty breathing + Lethargy,Pair,3,3,1.0
Difficulty breathing + Lethargy + Sneezing,Triplet,3,3,1.0
Difficulty breathing + Sneezing,Pair,3,3,1.0
Difficulty breathing + Thrist and urination,Pair,3,3,1.0
Difficulty breathing + Unable to exercise,Pair,3,3,1.0
Difficulty breathing + Weight loss,Pair,3,3,1.0
Difficulty breathing + Weight loss + Enlarged lymph nodes or swelling,Triplet,3,3,1.0
Difficulty walking,Single,3,3,1.0
Difficulty walking + Lethargy,Pair,3,3,1.0
Difficulty walking + Lethargy + Vaginal discharge,Triplet,3,3,1.0
Difficulty walking + Vaginal discharge,Pair,3,3,1.0
Discharge from eyes,Single,3,3,1.0
Enlarged lymph nodes or swelling,Single,3,3,1.0
Eye and skin change,Single,3,3,1.0
Eye and skin change + Unable to exercise,Pair,3,3,1.0
Facial swelling + Bloody drool,Pair,3,3,1.0
Facial swelling + Bloody drool + Lossened teeth,Triplet,3,3,1.0
Facial swelling + Bloody drool + Unable to eat,Triplet,3,3,1.0
Facial swelling + Lossened teeth,Pair,3,3,1.0
Facial swelling + Unable to eat,Pair,3,3,1.0
Facial swelling + Unable to eat + Lossened teeth,Triplet,3,3,1.0
Fever + Anemia,Pair,3,3,1.0
Fever + Bloody,Pair,3,3,1.0
Fever + Blue eye,Pair,3,3,1.0
Fever + Chronic eye inflamation,Pair,3,3,1.0
Fever + Chronic eye inflamation + Lethargy,Triplet,3,3,1.0
Fever + Chronic eye inflamation + Neurologic abnormalities,Triplet,3,3,1.0
Fever + Coughing + Depression,Triplet,3,3,1.0
Fever + Coughing + Pains,Triplet,3,3,1.0
Fever + Death + Pains,Triplet,3,3,1.0
Fever + Depression + Limping,Triplet,3,3,1.0
Fever + Diarrhea + Blue eye,Triplet,3,3,1.0
Fever + Diarrhea + Severe weekness and depression,Triplet,3,3,1.0
Fever + Diarrhea + Stiffness,Triplet,3,3,1.0
Fever + Difficulty breathing + Enlarged lymph nodes or swelling,Triplet,3,3,1.0
Fever + Difficulty breathing + Eye and skin change,Triplet,3,3,1.0
Fever + Difficulty breathing + Lethargy,Triplet,3,3,1.0
Fever + Difficulty breathing + Sneezing,Triplet,3,3,1.0
Fever + Difficulty breathing + Thrist and urination,Triplet,3,3,1.0
Fever + Difficulty breathing + Unable to exercise,Triplet,3,3,1.0
Fever + Difficulty breathing + Weight loss,Triplet,3,3,1.0
Fever + Enlarged lymph nodes or swelling,Pair,3,3,1.0
Fever + Eye and skin change,Pair,3,3,1.0
Fever + Eye and skin change + Unable to exercise,Triplet,3,3,1.0
Fever + Hyperesthesia,Pair,3,3,1.0
Fever + Hyperesthesia + Sudden death,Triplet,3,3,1.0
Fever + Inflammed eye,Pair,3,3,1.0
Fever + Inflammed eye + Depression,Triplet,3,3,1.0
Fever + Inflammed eye + Limping,Triplet,3,3,1.0
Fever + Lameness + Swelling of joints,Triplet,3,3,1.0
Fever + Lession on the skin,Pair,3,3,1.0
Fever + Lethargy + Blue eye,Triplet,3,3,1.0
Fever + Lethargy + Joint pain,Triplet,3,3,1.0
Fever + Lethargy + Neurologic abnormalities,Triplet,3,3,1.0
Fever + Lethargy + Sneezing,Triplet,3,3,1.0
Fever + Limping,Pair,3,3,1.0
Fever + Loss of  appetite + Coughing,Triplet,3,3,1.0
Fever + Loss of  appetite + Joint pain,Triplet,3,3,1.0
Fever + Loss of  appetite + Lameness,Triplet,3,3,1.0
Fever + Loss of  appetite + Lethargy,Triplet,3,3,1.0
Fever + Loss of  appetite + Swelling of joints,Triplet,3,3,1.0
Fever + Neurologic abnormalities,Pair,3,3,1.0
Fever + Reduce energy,Pair,3,3,1.0
Fever + Respiratory distress + Hyperesthesia,Triplet,3,3,1.0
Fever + Respiratory distress + Sudden death,Triplet,3,3,1.0
Fever + Severe weekness and depression,Pair,3,3,1.0
Fever + Stiffness,Pair,3,3,1.0
Fever + Stiffness + Severe weekness and depression,Triplet,3,3,1.0
Fever + Swelling of face or leg,Pair,3,3,1.0
Fever + Swelling of face or leg + Depression,Triplet,3,3,1.0
Fever + Swelling of face or leg + Pains,Triplet,3,3,1.0
Fever + Swelling of joints,Pair,3,3,1.0
Fever + Thrist and urination,Pair,3,3,1.0
Fever + Unable to exercise,Pair,3,3,1.0
Fever + Vomiting + Anorexia,Triplet,3,3,1.0
Fever + Vomiting + Weight loss,Triplet,3,3,1.0
Fever + Weight loss + Enlarged lymph nodes or swelling,Triplet,3,3,1.0
Flatulence,Single,3,3,1.0
Flatulence + Pains,Pair,3,3,1.0
Greenish-yellow nasal discharge,Single,3,3,1.0
Greenish-yellow nasal discharge + Lack of pigmentation,Pair,3,3,1.0
Greenish-yellow nasal discharge + Lack of pigmentation + Lethargy,Triplet,3,3,1.0
Greenish-yellow nasal discharge + Lack of pigmentation + Pain on face,Triplet,3,3,1.0
Greenish-yellow nasal discharge + Lethargy,Pair,3,3,1.0
Greenish-yellow nasal discharge + Lethargy + Pain on face,Triplet,3,3,1.0
Greenish-yellow nasal discharge + Pain on face,Pair,3,3,1.0
Hair loss + Crusting of the skin,Pair,3,3,1.0
Hair loss + Crusting of the skin + Ulcerated skin,Triplet,3,3,1.0
Hair loss + Dandruff,Pair,3,3,1.0
Hair loss + Dandruff + Crusting of the skin,Triplet,3,3,1.0
Hair loss + Dandruff + Ulcerated skin,Triplet,3,3,1.0
Hair loss + Ulcerated skin,Pair,3,3,1.0
Hyperesthesia,Single,3,3,1.0
Hyperesthesia + Sudden death,Pair,3,3,1.0
Inflammation,Single,3,3,1.0
Inflammed eye,Single,3,3,1.0
Inflammed eye + Depression,Pair,3,3,1.0
Inflammed eye + Depression + Limping,Triplet,3,3,1.0
Inflammed eye + Limping,Pair,3,3,1.0
Kicking at the belly,Single,3,3,1.0
Kicking at the belly + Pains,Pair,3,3,1.0
Lack of pigmentation,Single,3,3,1.0
Lack of pigmentation + Lethargy,Pair,3,3,1.0
Lack of pigmentation + Lethargy + Pain on face,Triplet,3,3,1.0
Lack of pigmentation + Pain on face,Pair,3,3,1.0
Lameness + Swelling of joints,Pair,3,3,1.0
Lesions in the nasal cavity,Single,3,3,1.0
Lesions in the nasal cavity + Lesions on nose + Lesions on nose,Triplet,3,3,1.0
Lesions in the nasal cavity + Lesions on nose + Noisy breathing,Triplet,3,3,1.0
Lesions in the nasal cavity + Noisy breathing,Pair,3,3,1.0
Lesions in the nasal cavity + Noisy breathing + Lesions on nose,Triplet,3,3,1.0
Lesions on nose + Lesions on nose,Pair,3,3,1.0
Lesions on nose + Noisy breathing,Pair,3,3,1.0
Lesions on nose + Noisy breathing + Lesions on nose,Triplet,3,3,1.0
Lethargy + Blue eye,Pair,3,3,1.0
Lethargy + Joint pain,Pair,3,3,1.0
Lethargy + Loss of appettite,Pair,3,3,1.0
Lethargy + Neurologic abnormalities,Pair,3,3,1.0
Lethargy + Pain on face,Pair,3,3,1.0
Lethargy + Vaginal discharge,Pair,3,3,1.0
Listless,Single,3,3,1.0
Loss of  appetite + Joint pain,Pair,3,3,1.0
Loss of  appetite + Lameness + Swelling of joints,Triplet,3,3,1.0
Loss of  appetite + Lethargy,Pair,3,3,1.0
Loss of  appetite + Lethargy + Joint pain,Triplet,3,3,1.0
Loss of  appetite + Rapid heart rate,Pair,3,3,1.0
Loss of  appetite + Rapid heart rate + Week pulse,Triplet,3,3,1.0
Loss of  appetite + Swelling of joints,Pair,3,3,1.0
Loss of  appetite + Week pulse,Pair,3,3,1.0
Lossened teeth,Single,3,3,1.0
Nasal discharge + Lethargy,Pair,3,3,1.0
Noisy breathing + Lesions on nose,Pair,3,3,1.0
Nose bleeds,Single,3,3,1.0
Pain on face,Single,3,3,1.0
Painfull + Broken bones,Pair,3,3,1.0
Painfull + Broken bones + Nasal discharge,Triplet,3,3,1.0
Rapid heart rate,Single,3,3,1.0
Rapid heart rate + Week pulse,Pair,3,3,1.0
Reduce energy,Single,3,3,1.0
Respiratory distress + Hyperesthesia,Pair,3,3,1.0
Respiratory distress + Hyperesthesia + Sudden death,Triplet,3,3,1.0
Respiratory distress + Sudden death,Pair,3,3,1.0
Runny nose + Lethargy,Pair,3,3,1.0
Runny nose + Lethargy + Loss of appettite,Triplet,3,3,1.0
Scartching ear,Single,3,3,1.0
Severe weekness and depression,Single,3,3,1.0
Short term lethargy,Single,3,3,1.0
Short term lethargy + Loss of  appetite,Pair,3,3,1.0
Short term lethargy + Loss of  appetite + Rapid heart rate,Triplet,3,3,1.0
Short term lethargy + Loss of  appetite + Week pulse,Triplet,3,3,1.0
Short term lethargy + Rapid heart rate,Pair,3,3,1.0
Short term lethargy + Rapid heart rate + Week pulse,Triplet,3,3,1.0
Short term lethargy + Week pulse,Pair,3,3,1.0
Stiffness + Severe weekness and depression,Pair,3,3,1.0
Strong cough,Single,3,3,1.0
Strong cough + Lethargy,Pair,3,3,1.0
Strong cough + Lethargy + Loss of appettite,Triplet,3,3,1.0
Strong cough + Loss of appettite,Pair,3,3,1.0
Strong cough + Runny nose,Pair,3,3,1.0
Strong cough + Runny nose + Lethargy,Triplet,3,3,1.0
Strong cough + Runny nose + Loss of appettite,Triplet,3,3,1.0
Swelling + Heat,Pair,3,3,1.0
Swelling of face or leg + Depression,Pair,3,3,1.0
Swelling of face or leg + Depression + Pains,Triplet,3,3,1.0
Swelling of face or leg + Pains,Pair,3,3,1.0
Swelling of joints,Single,3,3,1.0
Swelling on leg + Broken bones,Pair,3,3,1.0
Swelling on leg + Broken bones + Nasal discharge,Triplet,3,3,1.0
Swelling on leg + Painfull,Pair,3,3,1.0
Swelling on leg + Painfull + Broken bones,Triplet,3,3,1.0
Swollen lymph nodes + Difficulty walking,Pair,3,3,1.0
Swollen lymph nodes + Difficulty walking + Lethargy,Triplet,3,3,1.0
Swollen lymph nodes + Difficulty walking + Vaginal discharge,Triplet,3,3,1.0
Swollen lymph nodes + Lethargy,Pair,3,3,1.0
Swollen lymph nodes + Lethargy + Vaginal discharge,Triplet,3,3,1.0
Swollen lymph nodes + Vaginal discharge,Pair,3,3,1.0
Tarry stool,Single,3,3,1.0
Tarry stool + Enlarged lymph nodes,Pair,3,3,1.0
Tear production,Single,3,3,1.0
Tensemus,Single,3,3,1.0
Tensemus + Flatulence,Pair,3,3,1.0
Tensemus + Flatulence + Pains,Triplet,3,3,1.0
Tensemus + Pains,Pair,3,3,1.0
Thrist and urination,Single,3,3,1.0
Ulcerated skin,Single,3,3,1.0
Ulcers + Diarrhea,Pair,3,3,1.0
Ulcers + Diarrhea + Enlarged lymph nodes,Triplet,3,3,1.0
Ulcers + Diarrhea + Tarry stool,Triplet,3,3,1.0
Ulcers + Enlarged lymph nodes,Pair,3,3,1.0
Ulcers + Tarry stool,Pair,3,3,1.0
Ulcers + Tarry stool + Enlarged lymph nodes,Triplet,3,3,1.0
Unable to eat,Single,3,3,1.0
Unable to eat + Lossened teeth,Pair,3,3,1.0
Unable to exercise,Single,3,3,1.0
Vaginal discharge,Single,3,3,1.0
Vomiting + Head ache,Pair,3,3,1.0
Vomiting + Weight loss + Anorexia,Triplet,3,3,1.0
Watery stool,Single,3,3,1.0
Weakness + Death,Pair,3,3,1.0
Week pulse,Single,3,3,1.0
Weekness in the back legs,Single,3,3,1.0
Weight loss + Enlarged lymph nodes or swelling,Pair,3,3,1.0
Fever,Single,277,275,0.9927797833935018
Weight loss,Single,167,161,0.9640718562874252
Coughing,Single,111,107,0.963963963963964
Fever + Weight loss,Pair,55,53,0.9636363636363636
Loss of appetite,Single,104,100,0.9615384615384616
Diarrhea + Weight loss,Pair,50,48,0.96
Depression,Single,88,84,0.9545454545454546
Sneezing,Single,43,41,0.9534883720930233
Difficulty in breathing,Single,38,36,0.9473684210526315
Pain,Single,74,70,0.9459459459459459
Dehydration,Single,32,30,0.9375
Diarrhea,Single,154,144,0.935064935064935
Fever + Pain,Pair,28,26,0.9285714285714286
Anorexia,Single,55,51,0.9272727272727272
Weakness,Single,70,64,0.9142857142857143
Diarrhea + Pain,Pair,22,20,0.9090909090909091
Nasal discharge,Single,64,58,0.90625
Anemia,Single,20,18,0.9
Loss of appetite + Depression,Pair,20,18,0.9
Skin rashes,Single,20,18,0.9
Diarrhea + Dehydration,Pair,18,16,0.8888888888888888
Loss of appetite + Weight loss,Pair,18,16,0.8888888888888888
Coughing + Nasal discharge,Pair,14,12,0.8571428571428571
Diarrhea + Weight loss + Pain,Triplet,12,10,0.8333333333333334
Loss of appetite + Diarrhea,Pair,12,10,0.8333333333333334
Weight loss + Pain,Pair,20,16,0.8
Depression + Weight loss,Pair,10,8,0.8
Ruffled feathers,Single,10,8,0.8
Depression + Nasal discharge,Pair,8,6,0.75
Diarrhea + Weakness,Pair,8,6,0.75
Fever + Weight loss + Pain,Triplet,8,6,0.75
Sneezing + Nasal discharge,Pair,8,6,0.75
Weakness + Diarrhea,Pair,8,6,0.75
Weight loss + Anemia,Pair,8,6,0.75
Diarrhea + Nasal discharge,Pair,7,5,0.7142857142857143
Facial swelling,Single,7,5,0.7142857142857143
Coughing + Difficulty in breathing,Pair,6,4,0.6666666666666666
Fever + Skin rashes,Pair,6,4,0.6666666666666666
Heavy breathing,Single,6,4,0.6666666666666666
Skin rashes + Pain,Pair,6,4,0.6666666666666666
Sneezing + Coughing,Pair,6,4,0.6666666666666666
Sneezing + Coughing + Difficulty in breathing,Triplet,6,4,0.6666666666666666
Sneezing + Difficulty in breathing,Pair,6,4,0.6666666666666666
Weakness + Anorexia,Pair,6,4,0.6666666666666666
Diarrhea + Anorexia,Pair,10,6,0.6
Lesion,Single,5,3,0.6
Anorexia + Nasal discharge,Pair,4,2,0.5
Dehydration + Anorexia,Pair,4,2,0.5
Dejection,Single,4,2,0.5
Dejection + Loss of appetite,Pair,4,2,0.5
Depression + Coughing,Pair,4,2,0.5
Diarrhea + Ruffled feathers,Pair,4,2,0.5
Difficulty in breathing + Nasal discharge,Pair,4,2,0.5
Epistaxis,Single,4,2,0.5
Fever + Skin rashes + Pain,Triplet,4,2,0.5
Labored breathing,Single,4,2,0.5
Lacrimation,Single,4,2,0.5
Lacrimation + Diarrhea,Pair,4,2,0.5
Neck paralysis,Single,4,2,0.5
Skin rashes + Weight loss,Pair,4,2,0.5
Slow growth,Single,4,2,0.5
